{
  "save_path": "../output/BL09/offsetFiles",
  "param_path": "../param_data/BL09/instrumentFiles",
  "data_path": "D:\\Documents\\CSNS_data\\BL09\\nxsdata",
  "sam_run": [
    "RUN0000078"
  ],
  "first_flight_distance": 78,
  "T0_offset": -3.7,
  "is_c0_0": true,
  "smooth_para": {
    "groupBS": {
      "is_smooth": true,
      "smooth_para": [50, 4]
    },
    "groupHA": {
      "is_smooth": true,
      "smooth_para": [50, 4]
    },
    "groupSE": {
      "is_smooth": true,
      "smooth_para": [50, 4]
    },
    "groupMA": {
      "is_smooth": true,
      "smooth_para": [50, 4]
    },
    "groupLA": {
      "is_smooth": true,
      "smooth_para": [50, 4]
    }
  },
  "d_std": {
    "groupBS": [3.135672534],
    "groupHA": [3.135672534, 1.920199402, 1.637551558, 1.357786, 1.245989913, 1.108627651, 1.045224178, 0.960099701, 0.918030908, 0.858739214],
    "groupSE": [3.135672534, 1.920199402, 1.637551558, 1.357786, 1.245989913, 1.108627651, 1.045224178, 0.960099701, 0.918030908, 0.858739214],
    "groupMA": [3.135672534, 1.920199402, 1.637551558, 1.357786, 1.245989913, 1.108627651, 1.045224178, 0.960099701, 0.918030908, 0.858739214],
    "groupLA": [3.135672534, 1.920199402, 1.637551558, 1.357786, 1.245989913, 1.108627651, 1.045224178, 0.960099701, 0.918030908, 0.858739214]
  },
  "high_width_para": {
    "groupBS": [
      [0.1, 0.006, 0.008],
      [0.5, 0.004, 0.005],
      [0.4, 0.003, 0.005],
      [0.2, 0.003, 0.005],
      [0.2, 0.003, 0.005],
      [0.2, 0.003, 0.005],
      [0.2, 0.003, 0.005],
      [0.15, 0.003, 0.005],
      [0.15, 0.003, 0.005],
      [0.15, 0.003, 0.005]
    ],
    "groupHA": [
      [0.1, 0.006, 0.008],
      [0.5, 0.004, 0.005],
      [0.4, 0.003, 0.005],
      [0.2, 0.003, 0.005],
      [0.2, 0.003, 0.005],
      [0.2, 0.003, 0.005],
      [0.2, 0.003, 0.005],
      [0.15, 0.003, 0.005],
      [0.15, 0.003, 0.005],
      [0.15, 0.003, 0.005]
    ],
    "groupSE": [
      [0.1, 0.006, 0.008],
      [0.5, 0.004, 0.005],
      [0.4, 0.003, 0.005],
      [0.2, 0.003, 0.005],
      [0.2, 0.003, 0.005],
      [0.2, 0.003, 0.005],
      [0.2, 0.003, 0.005],
      [0.15, 0.003, 0.005],
      [0.15, 0.003, 0.005],
      [0.15, 0.003, 0.005]
    ],
    "groupMA": [
      [0.1, 0.006, 0.008],
      [0.5, 0.004, 0.005],
      [0.4, 0.003, 0.005],
      [0.2, 0.003, 0.005],
      [0.2, 0.003, 0.005],
      [0.2, 0.003, 0.005],
      [0.2, 0.003, 0.005],
      [0.15, 0.003, 0.005],
      [0.15, 0.003, 0.005],
      [0.15, 0.003, 0.005]
    ],
    "groupLA": [
      [0.1, 0.006, 0.008],
      [0.5, 0.004, 0.005],
      [0.4, 0.003, 0.005],
      [0.2, 0.003, 0.005],
      [0.2, 0.003, 0.005],
      [0.2, 0.003, 0.005],
      [0.2, 0.003, 0.005],
      [0.15, 0.003, 0.005],
      [0.15, 0.003, 0.005],
      [0.15, 0.003, 0.005]
    ]
  },
  "fit_para": {
    "groupBS": {
      "least_peaks_num": 1,
      "fit_function": "gaussian",
      "order": "linear",
      "goodness_bottom": 0.95,
      "sub_background": false
    },
    "groupHA": {
      "least_peaks_num": 3,
      "fit_function": "gaussian",
      "order": "linear",
      "goodness_bottom": 0.95,
      "sub_background": false
    },
    "groupSE": {
      "least_peaks_num": 3,
      "fit_function": "gaussian",
      "order": "linear",
      "goodness_bottom": 0.95,
      "sub_background": true
    },
    "groupMA": {
      "least_peaks_num": 3,
      "fit_function": "gaussian",
      "order": "linear",
      "goodness_bottom": 0.95,
      "sub_background": true
    },
    "groupLA": {
      "least_peaks_num": 3,
      "fit_function": "gaussian",
      "order": "linear",
      "goodness_bottom": 0.95,
      "sub_background": true
    }
  },
  "group_para_tof": {
    "groupBS": {
      "group_along_tube": 4,
      "group_cross_tube": 1
    },
    "groupHA": {
      "group_along_tube": 3,
      "group_cross_tube": 1
    },
    "groupSE": {
      "group_along_tube": 3,
      "group_cross_tube": 1
    },
    "groupMA": {
      "group_along_tube": 3,
      "group_cross_tube": 1
    },
    "groupLA": {
      "group_along_tube": 3,
      "group_cross_tube": 1
    }
  },
  "group_para_d": {
    "groupBS": {
      "group_along_tube": 1,
      "group_cross_tube": 1
    },
    "groupHA": {
      "group_along_tube": 2,
      "group_cross_tube": 1
    },
    "groupSE": {
      "group_along_tube": 2,
      "group_cross_tube": 1
    },
    "groupMA": {
      "group_along_tube": 2,
      "group_cross_tube": 1
    },
    "groupLA": {
      "group_along_tube": 2,
      "group_cross_tube": 1
    }
  },
  "mode": "cal",
  "check_point": 100,
  "anchor_point": null,
  "group_list": [
    "groupBS"
  ],
  "rebin_mode": "uniform"
}