{
        "beamline_name":"MPI",
        "normalization_monitor":"monitor01",
        "bank_group":{
            "bank3":[10303,10304],
            "bank5":[10502,10503,10504,10505]
            },
            "d_rebin": {
                "bank2": [0.4,14,2000],
                "bank3": [0.23,6,3000],
                "bank4": [0.12,3.95,1600],
                "bank5": [0.1,2.82,1600],
                "bank6": [0.08,2.3,2400],
                "bank7": [0.06,2.19,2600]},
        "v_correct":{
                "atten_xs":2.8,
                "scatt_xs":5.1,
                "density_num":0.0721,
                "radius":0.4,
                "beam_height":3
        },
        "default_d_rebin": {
                "bank2": [0.4,14,2000],
                "bank3": [0.23,6,3000],
                "bank4": [0.12,3.95,1600],
                "bank5": [0.1,2.82,1600],
                "bank6": [0.08,2.3,2400],
                "bank7": [0.06,2.19,2600]},
        "smooth":{
          "bank7":{"npoint":51,"order":3},
          "bank6":{"npoint":51,"order":3},
          "bank5":{"npoint":51,"order":3},
          "bank4":{"npoint":21,"order":3},
          "bank3":{"npoint":21,"order":3},
          "bank2":{"npoint":21,"order":3}
        },
        "multiply_factor_fullprof":4,
        "v_peaks":{
        "bank7":{"peaks":[0.491458, 0.553213, 0.593559, 0.618261, 0.645433,
                        0.713775, 0.7568, 0.809288, 0.874336, 0.957499,
                        1.070304, 1.235806, 1.51329,2.1396],
                        "left":7,"right":11},
        "bank6":{"peaks":[0.617991, 0.64534,
                0.713206, 0.756761, 0.809433, 0.87426,
                0.958333, 1.070767, 1.235873, 1.513414,2.1385],
                "left":9,"right":11},
        "bank5":{"peaks":[0.712326, 0.754484, 0.808687, 0.874934, 0.955235,1.067655,
                    1.234278, 1.513321, 2.137655],
                        "left":11,"right":11},
        "bank4":{"peaks":[0.809731, 0.959275, 1.072195,1.236998,
                    1.514722,2.137311],
                "left":13,"right":11},
        "bank3":{"peaks":[1.232831, 1.516578,2.138489],
                        "left":20,"right":20},
        "bank2":{"peaks":[2.138489],
                        "left":20,"right":20}
        },
        "focus_point": {
                    "bank7": {"factor": 15630.28,"pixel":107030270,"2_theta":163},
                    "bank6": {"factor": 14460.68,"pixel":106030450,"2_theta":133},
                    "bank5": {"factor": 11385.43,"pixel":105030450,"2_theta":93},
                    "bank4": {"factor": 7799.17,"pixel":104030450,"2_theta":59},
                    "bank3": {"factor": 5006.04,"pixel":103030450,"2_theta":36},
                    "bank2": {"factor": 2139.82,"pixel":102030450,"2_theta":15}
                  },
                  "bank_match":{
                      "module10303":"bank3",
                      "module10304":"bank3",
                      "module10502":"bank5",
                      "module10503":"bank5",
                      "module10504":"bank5",
                      "module10505":"bank5"
                      }
}
